<?xml version="1.0" encoding="utf-8"?>
<extension type="component" version="3.0" method="upgrade">

	<name>com_openchat</name>
	<!-- The following elements are optional and free of formatting constraints -->
	<creationDate>January 2018</creationDate>
	<author>John Doe</author>
	<authorEmail>john.doe@example.org</authorEmail>
	<authorUrl>http://www.example.org</authorUrl>
	
	<copyright>Copyright Info</copyright>
	<license>License Info</license>
	
	<version>0.0.2</version>
	
	<description>Description of the register component ...</description>

	
	<files folder="site">
		<filename>index.html</filename>
		<filename>openchat.php</filename>
		<filename>controller.php</filename>
		<folder>views</folder>
	</files>

	<install>
		<sql>
			<file charset="utf8" driver="mysql">install.sql</file>
		</sql>
	</install>

	<uninstall>
		<sql>
			<file charset="utf8" driver="mysql">uninstall.sql</file>
		</sql>
	</uninstall>

	<administration>
		
		<menu link="option=com_openchat">com_openchat</menu>
		
		<files folder="admin">
			
			<filename>index.html</filename>
			<filename>openchat.php</filename>
			<filename>controller.php</filename>
			<filename>install.sql</filename>
			<filename>uninstall.sql</filename>
		
		</files>

		<submenu>
			
			<menu link="option=com_openchat &amp; task=history">History</menu>
			<menu link="option=com_openchat &amp; task=blocked">blocked-user</menu>
			
		</submenu>
	</administration>

</extension>