<?xml version="1.0" encoding="utf-8"?>

<extension type="component" version="2.5.0" method="upgrade">

    <name>compurva</name>
    <creationDate>November 2009</creationDate>
    <author>David Thorn</author>
    <authorEmail>info@thornwebdesign.org</authorEmail>
    <authorUrl>http://www.example.org</authorUrl>
    <copyright>Copyright Info</copyright>
    <license>License Info</license>
    <version>1.0.0.1</version>
    <description>Description of the Hello World component ...</description>


    <files folder="site">
            <folder>views</folder>
            <filename>index.html</filename>
            <filename>compurva.php</filename>
            <filename>controller.php</filename>
            <!-- <filename>compurva.xml</filename> -->
            
        </files>    
    <administration>
            <menu>com_purva</menu>
            <menu link="option=com_purva">COM_TEST_TITLE_COUPONS</menu>
            <files folder="admin">
                <filename>index.html</filename>
                <filename>compurva.php</filename>
               
            </files>           
    </administration>
   <!--  <metadata>
    <layout title="COM_HELLOWORLD_HELLOWORLD_VIEW_DEFAULT_TITLE">
        <message>COM_HELLOWORLD_HELLOWORLD_VIEW_DEFAULT_DESC</message>
    </layout>
</metadata> -->



 </extension>