<?xml version="1.0" encoding="utf-8"?>
<extension type="component" version="3.0" method="upgrade">

	<name>com_regis</name>
	<!-- The following elements are optional and free of formatting constraints -->
	<creationDate>January 2018</creationDate>
	<author>John Doe</author>
	<authorEmail>john.doe@example.org</authorEmail>
	<authorUrl>http://www.example.org</authorUrl>
	<copyright>Copyright Info</copyright>
	<license>License Info</license>
	
	<version>0.0.2</version>
	
	<description>Description of the register component ...</description>
	<media destination="com_regis" folder="media">
		
		<folder>images</folder>
		<folder>css</folder>
		<folder>js</folder>
		<filename>index.html</filename>
		<!-- <folder>css</folder> -->
	</media>

	
	
	<files folder="site">
		<filename>index.html</filename>
		<filename>regis.php</filename>
		<filename>controller.php</filename>
		<folder>views</folder>
	</files>

	<install>
		<sql>
			<file charset="utf8" driver="mysql">install.sql</file>
		</sql>
	</install>

	<uninstall>
		<sql>
			<file charset="utf8" driver="mysql">uninstall.sql</file>
		</sql>
	</uninstall>

	<update>
		<sql>
			<file charset="utf8" driver="mysql">update.sql</file>
		</sql>
	</update>



	<administration>
		
		<menu link="option=com_regis" >com_regis</menu>
		
		<files folder="admin">
			
			<filename>index.html</filename>
			<filename>regis.php</filename>
			<filename>controller.php</filename>
			<filename>install.sql</filename>
			<filename>uninstall.sql</filename>
			<filename>update.sql</filename>

		
		</files>
		<submenu>
			
			<menu link="option=com_regis &amp; task=create" img="../media/com_regis/images/img1.png" >create</menu>
			<menu link="option=com_regis &amp; task=help" img="../media/com_regis/images/img2.png" >Help</menu>
			<menu link="option=com_regis &amp; task=listtask" img="../media/com_regis/images/img3.png">List of task</menu>
			
		</submenu>
	</administration>

</extension>